index,CounterpartyID,EAD,PD,LGD,Industry,Country,Rating
0,1,549264690.4,0.138785142,0.387077529,Services,US,A
1,2,715474177,0.061301515,0.617806093,Retail,France,AAA
2,3,603160612.7,0.149686864,0.426651104,Retail,Switzerland,AA
3,4,545338299.8,0.192815824,0.307762207,Technology,Switzerland,C
4,5,424231144.5,0.057263097,0.214807237,Banking,US,BBB
